-- ============================================================
-- Clinipharma — Seed de Desenvolvimento
-- ============================================================

-- PRODUCT CATEGORIES
INSERT INTO public.product_categories (id, name, slug, description, is_active, sort_order) VALUES ('a1000000-0000-0000-0000-000000000001', 'Hormônios', 'hormonios', 'Produtos hormonais manipulados', true, 1) ON CONFLICT (id) DO NOTHING;
INSERT INTO public.product_categories (id, name, slug, description, is_active, sort_order) VALUES ('a1000000-0000-0000-0000-000000000002', 'Dermatologia', 'dermatologia', 'Cremes e géis dermatológicos', true, 2) ON CONFLICT (id) DO NOTHING;
INSERT INTO public.product_categories (id, name, slug, description, is_active, sort_order) VALUES ('a1000000-0000-0000-0000-000000000003', 'Oncologia de Suporte', 'oncologia-suporte', 'Medicamentos de suporte oncológico', true, 3) ON CONFLICT (id) DO NOTHING;
INSERT INTO public.product_categories (id, name, slug, description, is_active, sort_order) VALUES ('a1000000-0000-0000-0000-000000000004', 'Analgésicos', 'analgesicos', 'Analgésicos manipulados', true, 4) ON CONFLICT (id) DO NOTHING;
INSERT INTO public.product_categories (id, name, slug, description, is_active, sort_order) VALUES ('a1000000-0000-0000-0000-000000000005', 'Nutrológicos', 'nutrologicos', 'Vitaminas e suplementos manipulados', true, 5) ON CONFLICT (id) DO NOTHING;

-- PHARMACIES
INSERT INTO public.pharmacies (id, corporate_name, trade_name, cnpj, email, phone, address_line_1, city, state, zip_code, responsible_person, status) VALUES ('b1000000-0000-0000-0000-000000000001', 'Farmácia Magistral São Paulo Ltda', 'FarmaMag SP', '12.345.678/0001-90', 'contato@farmamag.com.br', '(11) 98765-4321', 'Rua das Farmácias, 100', 'São Paulo', 'SP', '01310-100', 'Dr. Carlos Alves', 'ACTIVE') ON CONFLICT (id) DO NOTHING;
INSERT INTO public.pharmacies (id, corporate_name, trade_name, cnpj, email, phone, address_line_1, city, state, zip_code, responsible_person, status) VALUES ('b1000000-0000-0000-0000-000000000002', 'Manipulação Premium RJ Ltda', 'PharmaRJ', '98.765.432/0001-10', 'contato@pharmarj.com.br', '(21) 99876-5432', 'Av. das Manipulações, 200', 'Rio de Janeiro', 'RJ', '22041-001', 'Dra. Ana Souza', 'ACTIVE') ON CONFLICT (id) DO NOTHING;

-- CLINICS
INSERT INTO public.clinics (id, corporate_name, trade_name, cnpj, email, phone, address_line_1, city, state, zip_code, status) VALUES ('c1000000-0000-0000-0000-000000000001', 'Clínica Médica Exemplo Ltda', 'Clínica Exemplo', '11.222.333/0001-44', 'contato@clinicaexemplo.com.br', '(11) 3333-4444', 'Av. Paulista, 1000', 'São Paulo', 'SP', '01310-100', 'ACTIVE') ON CONFLICT (id) DO NOTHING;
INSERT INTO public.clinics (id, corporate_name, trade_name, cnpj, email, phone, address_line_1, city, state, zip_code, status) VALUES ('c1000000-0000-0000-0000-000000000002', 'Centro de Oncologia Rio Ltda', 'OncoRio', '55.666.777/0001-88', 'contato@oncorio.com.br', '(21) 4444-5555', 'Rua Voluntários da Pátria, 500', 'Rio de Janeiro', 'RJ', '22270-000', 'ACTIVE') ON CONFLICT (id) DO NOTHING;

-- DOCTORS
INSERT INTO public.doctors (id, full_name, crm, crm_state, specialty, email, phone, status) VALUES ('d1000000-0000-0000-0000-000000000001', 'Dr. João Silva', '123456', 'SP', 'Endocrinologia', 'joao.silva@clinipharma.com.br', '(11) 99999-0001', 'ACTIVE') ON CONFLICT (id) DO NOTHING;
INSERT INTO public.doctors (id, full_name, crm, crm_state, specialty, email, phone, status) VALUES ('d1000000-0000-0000-0000-000000000002', 'Dra. Maria Santos', '654321', 'RJ', 'Oncologia', 'maria.santos@clinipharma.com.br', '(21) 99999-0002', 'ACTIVE') ON CONFLICT (id) DO NOTHING;

-- DOCTOR-CLINIC LINKS
INSERT INTO public.doctor_clinic_links (doctor_id, clinic_id, is_primary) VALUES ('d1000000-0000-0000-0000-000000000001', 'c1000000-0000-0000-0000-000000000001', true) ON CONFLICT (doctor_id, clinic_id) DO NOTHING;
INSERT INTO public.doctor_clinic_links (doctor_id, clinic_id, is_primary) VALUES ('d1000000-0000-0000-0000-000000000002', 'c1000000-0000-0000-0000-000000000002', true) ON CONFLICT (doctor_id, clinic_id) DO NOTHING;

-- PRODUCTS
INSERT INTO public.products (id, category_id, pharmacy_id, sku, name, slug, concentration, presentation, short_description, long_description, price_current, estimated_deadline_days, active, featured) VALUES ('e1000000-0000-0000-0000-000000000001', 'a1000000-0000-0000-0000-000000000001', 'b1000000-0000-0000-0000-000000000001', 'TESTO-GEL-001', 'Testosterona Gel 50mg', 'testosterona-gel-50mg', '50mg/g', 'Bisnaga 30g', 'Gel de testosterona manipulado 50mg/g para uso transdérmico', 'Gel de testosterona manipulado para reposição hormonal masculina. Indicado para hipogonadismo masculino. Aplicação transdérmica diária conforme prescrição.', 285.00, 7, true, true) ON CONFLICT (id) DO NOTHING;
INSERT INTO public.products (id, category_id, pharmacy_id, sku, name, slug, concentration, presentation, short_description, long_description, price_current, estimated_deadline_days, active, featured) VALUES ('e1000000-0000-0000-0000-000000000002', 'a1000000-0000-0000-0000-000000000002', 'b1000000-0000-0000-0000-000000000001', 'ACIDO-RETI-001', 'Ácido Retinoico 0.05%', 'acido-retinoico-005', '0.05%', 'Creme 30g', 'Creme dermatológico de ácido retinoico 0.05% para tratamento de acne e envelhecimento', 'Creme dermatológico manipulado com ácido retinoico na concentração de 0.05%. Indicado para acne moderada e sinais de envelhecimento. Uso noturno conforme orientação médica.', 145.00, 5, true, false) ON CONFLICT (id) DO NOTHING;
INSERT INTO public.products (id, category_id, pharmacy_id, sku, name, slug, concentration, presentation, short_description, long_description, price_current, estimated_deadline_days, active, featured) VALUES ('e1000000-0000-0000-0000-000000000003', 'a1000000-0000-0000-0000-000000000001', 'b1000000-0000-0000-0000-000000000002', 'PROG-CAP-001', 'Progesterona 200mg', 'progesterona-200mg', '200mg', 'Cápsulas (30 unidades)', 'Cápsulas de progesterona micronizada 200mg para reposição hormonal feminina', 'Progesterona micronizada manipulada 200mg em cápsulas gelatinosas. Indicada para reposição hormonal feminina e suporte da fase lútea. Administração oral ou vaginal conforme prescrição.', 190.00, 7, true, true) ON CONFLICT (id) DO NOTHING;
INSERT INTO public.products (id, category_id, pharmacy_id, sku, name, slug, concentration, presentation, short_description, long_description, price_current, estimated_deadline_days, active, featured) VALUES ('e1000000-0000-0000-0000-000000000004', 'a1000000-0000-0000-0000-000000000005', 'b1000000-0000-0000-0000-000000000002', 'VITD3-CAP-001', 'Vitamina D3 10000 UI', 'vitamina-d3-10000-ui', '10000 UI', 'Cápsulas (60 unidades)', 'Cápsulas de vitamina D3 manipulada 10000 UI para suplementação', 'Vitamina D3 (colecalciferol) manipulada na concentração de 10000 UI por cápsula. Indicada para correção de deficiência de vitamina D. Administração oral uma vez ao dia ou conforme prescrição.', 95.00, 5, true, false) ON CONFLICT (id) DO NOTHING;
INSERT INTO public.products (id, category_id, pharmacy_id, sku, name, slug, concentration, presentation, short_description, long_description, price_current, estimated_deadline_days, active, featured) VALUES ('e1000000-0000-0000-0000-000000000005', 'a1000000-0000-0000-0000-000000000003', 'b1000000-0000-0000-0000-000000000001', 'ONDANS-SUP-001', 'Ondansetrona 8mg Supositório', 'ondansetrona-8mg-supositorio', '8mg', 'Supositório (10 unidades)', 'Supositório de ondansetrona 8mg para controle de náuseas oncológicas', 'Ondansetrona 8mg em supositório magistral para pacientes oncológicos com dificuldade de administração oral. Antiemético de alta eficácia para náuseas e vômitos induzidos por quimioterapia.', 320.00, 10, true, false) ON CONFLICT (id) DO NOTHING;

-- APP SETTINGS
INSERT INTO public.app_settings (key, value_json, description) VALUES ('default_commission_percentage', '15', 'Comissão padrão da plataforma (%)') ON CONFLICT (key) DO UPDATE SET value_json = EXCLUDED.value_json;
INSERT INTO public.app_settings (key, value_json, description) VALUES ('platform_name', '"Clinipharma"', 'Nome da plataforma') ON CONFLICT (key) DO UPDATE SET value_json = EXCLUDED.value_json;
INSERT INTO public.app_settings (key, value_json, description) VALUES ('support_email', '"suporte@clinipharma.com.br"', 'Email de suporte') ON CONFLICT (key) DO UPDATE SET value_json = EXCLUDED.value_json;
INSERT INTO public.app_settings (key, value_json, description) VALUES ('min_order_documents', '1', 'Número mínimo de documentos por pedido') ON CONFLICT (key) DO UPDATE SET value_json = EXCLUDED.value_json;
